C00388.tif|John_Lindros._Nicosia_Svenska_Cypernexpeditionen_-_SMVK-MM-Cypern_-_C00388.tif
C09417.tif|Cypernutsällningen,_östra_stallet?_Stockholm_Svenska_Cypernexpeditionen_-_SMVK-MM-Cypern_-_C09417.tif
C01619.tif|Vivi_Gjerstad,_Alfred_Westholm,_Eleni_och_geten_Filoxenos_I._Vouni._Svenska_Cypernexpeditionen_-_SMVK-MM-Cypern_-_C01619.tif
C00851.tif|Erik_Sjöqvist,_Lazaros_och_Giorkos._Idalion._Svenska_Cypernexpeditionen_-_SMVK-MM-Cypern_-_C00851.tif
C08202.tif|Alfred_Westholm_utanför_fästningsmuren._Kerynia._Svenska_Cypernexpeditionen_-_SMVK-MM-Cypern_-_C08202.tif
C02316.tif|Amathus._Grav_22,_täckhällarna._Svenska_Cypernexpeditionen_-_SMVK-MM-Cypern_-_C02316.tif
C00866.tif|Arbetsbild_från_akropolens_topp._Idalion._Svenska_Cypernexpeditionen_-_SMVK-MM-Cypern_-_C00866.tif
C00612.tif|Nattligt_åskväder._Vouni_Svenska_Cypernexpeditionen_-_SMVK-MM-Cypern_-_C00612.tif
C01068.tif|Brunnen._Idalion._Svenska_Cypernexpeditionen_-_SMVK-MM-Cypern_-_C01068.tif
Csn149.tif|_-_SMVK-MM-Cypern_-_Csn149.tif
C04880.tif|Souidos_i_arbete._Stockholm_Svenska_Cypernexpeditionen_-_SMVK-MM-Cypern_-_C04880.tif
C02219.tif|Fynd_in_situ_i_rum_117._Vouni._Svenska_Cypernexpeditionen_-_SMVK-MM-Cypern_-_C02219.tif
C02547.tif|Främmande_på_fortet._Erik_Sjökvist_?_Nitovikla._Svenska_Cypernexpeditionen_fråga_-_SMVK-MM-Cypern_-_C02547.tif
C01258.tif|Grav_32,_nisch_III_oöppnad._Marion._Svenska_Cypernexpeditionen_-_SMVK-MM-Cypern_-_C01258.tif
C03123.tif|Rum_107_med_fynd_in_situ._Vouni._Svenska_Cypernexpeditionen_-_SMVK-MM-Cypern_-_C03123.tif
C06271.tif|Mätning_på_haremstak._Lapithos._Svenska_Cypernexpeditionen_-_SMVK-MM-Cypern_-_C06271.tif
C02311.tif|Grav_23,_bottenstratum_in_situ._Amathus_Svenska_Cypernexpeditionen_-_SMVK-MM-Cypern_-_C02311.tif
C00930.tif|Christoforos_kafenion._Lapithos._Svenska_Cypernexpeditionen_-_SMVK-MM-Cypern_-_C00930.tif
C08753.tif|Utställning_Före_Fidias_._Kruktabellen._Stockholm_Svenska_Cypernexpeditionen_-_SMVK-MM-Cypern_-_C08753.tif
C05058.tif|Utställning_på_Liljevalchs_Konsthall_-_SMVK-MM-Cypern_-_C05058.tif
C02756.tif|Cholades._Rum_XXXIV_med_no_318_och_319_in_situ._Soli._Svenska_Cypernexpeditionen_-_SMVK-MM-Cypern_-_C02756.tif
C00001.tif|Narghilé-rökning._Alfred_Westholm_och_Vivi_Gjerstad._Kyrenia._Svenska_Cypernexpeditionen_-_SMVK-MM-Cypern_-_C00001.tif
C04939.tif|No._152._Ko,_brons_Vouni._Svenska_Cypernexpeditionen_-_SMVK-MM-Cypern_-_C04939.tif
C00008.tif|Badstranden._Kyrenia._Svenska_Cypernexpeditionen_-_SMVK-MM-Cypern_-_C00008.tif
C09178.tif|Lektor_Roos._Stockholm_Svenska_Cypernexpeditionen_-_SMVK-MM-Cypern_-_C09178.tif
C02538.tif|Papa_Prokopios._Ajia_Irini._Svenska_Cypernexpeditionen_-_SMVK-MM-Cypern_-_C02538.tif
C01625.tif|Lazaros._Vouni._Svenska_Cypernexpeditionen_-_SMVK-MM-Cypern_-_C01625.tif
C00124.tif|Lapithos,_landskapsbild._Svenska_Cypernexpeditionen_-_SMVK-MM-Cypern_-_C00124.tif
C01717.tif|Kristos_och_Alfred_Westholm_fingräver._Kition._Svenska_Cypernexpeditionen_-_SMVK-MM-Cypern_-_C01717.tif
C00103.tif|Grav_406,_dromos._Lapithos._Svenska_Cypernexpeditionen_-_SMVK-MM-Cypern_-_C00103.tif
15906D.tif|Fältritning._Ajia_Irini._Svenska_Cypernexpeditionen_-_SMVK-MM-Cypern_-_15906D.tif
C01675.tif|Galini._Svenska_Cypernexpeditionen_-_SMVK-MM-Cypern_-_C01675.tif
C01090.tif|Totalbild_från_ruta_K_4_åt_söder._Idalion._Svenska_Cypernexpeditionen_-_SMVK-MM-Cypern_-_C01090.tif
C06010.tif|Livet_på_terrassen,_huset._Macheras._Svenska_Cypernexpeditionen_-_SMVK-MM-Cypern_-_C06010.tif
C02329.tif|Hus_V_efter_golvets_borttagande._Kythrea._Svenska_Cypernexpeditionen_-_SMVK-MM-Cypern_-_C02329.tif
C01714.tif|Bamboula_från_öster._Kition._Svenska_Cypernexpeditionen_-_SMVK-MM-Cypern_-_C01714.tif
C06172.tif|Palatset_från_väster._Vouni._Svenska_Cypernexpeditionen_fråga_fel_bild_kolla_617_-_SMVK-MM-Cypern_-_C06172.tif
C06816.tif|Kristos_och_turkisk_man._Ajios_Jakovos._Svenska_Cypernexpeditionen_-_SMVK-MM-Cypern_-_C06816.tif
C05975.tif|Ombord_på_M-S_Gotland._Famagusta._Svenska_Cypernexpeditionen_-_SMVK-MM-Cypern_-_C05975.tif
C01046.tif|Institutet_köper_vin,_Nicosia._Erik_Sjöqvist_och_Alfred_Westholm_-_SMVK-MM-Cypern_-_C01046.tif
C02488.tif|Jordgrav._Enkomi._Svenska_Cypernexpeditionen_-_SMVK-MM-Cypern_-_C02488.tif
Csn098.tif|Rosa_Lindros_med_borgmästare_Kaplanis_(i_Lapithos)_son_i_sitt_knä._Svenska_Cypernexpeditionen_-_SMVK-MM-Cypern_-_Csn098.tif
C03873.tif|Skulptur_-_SMVK-MM-Cypern_-_C03873.tif
C04937.tif|Souidos_och_Kakoulis_lagar_staty._Stockholm._Svenska_Cypernexpeditionen_-_SMVK-MM-Cypern_-_C04937.tif
C00881.tif|Panajiotis_hus,_på_trappan._Idalion._Svenska_Cypernexpeditionen_-_SMVK-MM-Cypern_-_C00881.tif
C01812.tif|Arbetsbild._Ajia_Irini._Svenska_Cypernexpeditionen_-_SMVK-MM-Cypern_-_C01812.tif
C01782.tif|Grav_7,_exteriör._Kountoura_Trachonia._Svenska_Cypernexpeditionen_-_SMVK-MM-Cypern_-_C01782.tif
C03628.tif|Cholades._Tempel_E,_översiktsbild_från_väster._Soli._Svenska_Cypernexpeditionen_-_SMVK-MM-Cypern_-_C03628.tif
C01708.tif|B.A.S._från_öster._Ajios_Jakovos._Svenska_Cypernexpeditionen_-_SMVK-MM-Cypern_-_C01708.tif
C04117.tif|Sista_bilen_går._Vouni._Svenska_Cypernexpeditionen_-_SMVK-MM-Cypern_-_C04117.tif
C02771.tif|Till_vänster_K_17-18_utgrävt,_resten_K_19-21._Mersinaki._Svenska_Cypernexpeditionen_-_SMVK-MM-Cypern_-_C02771.tif
C05051.tif|Utställning_på_Liljevalchs_Konsthall_-_SMVK-MM-Cypern_-_C05051.tif
C01206.tif|Grav_25,_dromos._Marion._Svenska_Cypernexpeditionen_-_SMVK-MM-Cypern_-_C01206.tif
C01448.tif|Grav_14,_interiör_Ajios_Jakovos._Svenska_Cypernexpeditionen_-_SMVK-MM-Cypern_-_C01448.tif
C04111.tif|Eleni_framför_köket._Vouni._Svenska_Cypernexpeditionen_-_SMVK-MM-Cypern_-_C04111.tif
C00725.tif|Galini._Festmåltid._Svenska_Cypernexpeditionen_-_SMVK-MM-Cypern_-_C00725.tif
C00522.tif|Athenatemplet,_genombrytningen_av_golvet_i_rum_I._Vouni_Svenska_Cypernexpeditionen_-_SMVK-MM-Cypern_-_C00522.tif
C00244.tif|Teatern._Rör_i_rum_III,_östra_scenhörnet._Soli_Svenska_Cypernexpeditionen_-_SMVK-MM-Cypern_-_C00244.tif
C01141.tif|Djurmasker,_sista_karnevalsdagen._Marion._Svenska_Cypernexpeditionen_-_SMVK-MM-Cypern_-_C01141.tif
C03717.tif|Festbild._Galini._Svenska_Cypernexpeditionen_-_SMVK-MM-Cypern_-_C03717.tif
C00761.tif|Westholm_och_Lindros_utanför_tältet._Vouni._Svenska_Cypernexpeditionen_-_SMVK-MM-Cypern_-_C00761.tif
C08749.tif|Utställning_Före_Fidias_._Krukpyramiden._Stockholm_Svenska_Cypernexpeditionen_-_SMVK-MM-Cypern_-_C08749.tif
C02769.tif|Statyer_i_grop_H_14-15._Mersinaki._Svenska_Cypernexpeditionen_-_SMVK-MM-Cypern_-_C02769.tif
C05770.tif|Erik_Sjöqvist._Stockholm._Svenska_Cypernexpeditionen_-_SMVK-MM-Cypern_-_C05770.tif
C06274.tif|Lapithos._Från_byn._Svenska_Cypernexpeditionen_-_SMVK-MM-Cypern_-_C06274.tif
C01208.tif|Grav_22,_interiör._Marion._Svenska_Cypernexpeditionen_-_SMVK-MM-Cypern_-_C01208.tif
Csn001.tif|Okänd._Nitovikla._Svenska_Cypernexpeditionen_-_SMVK-MM-Cypern_-_Csn001.tif
C00860.tif|Murkomplex_vid_J,_K_8_från_norr_Idalion._Svenska_Cypernexpeditionen_-_SMVK-MM-Cypern_-_C00860.tif
C00450.tif|Toppterrassen_med_templet._Soli_Svenska_Cypernexpeditionen_-_SMVK-MM-Cypern_-_C00450.tif
C02360.tif|Alfred_Westholm_vid_skrivbordet._Vouni._Svenska_Cypernexpeditionen_-_SMVK-MM-Cypern_-_C02360.tif
C00226.tif|Teatern._Arbetet_på_orkestran_från_väster._Soli_Svenska_Cypernexpeditionen_-_SMVK-MM-Cypern_-_C00226.tif
C01126.tif|Utflykt_till_Limassol,_halt_i_Amathus._Svenska_Cypernexpeditionen_-_SMVK-MM-Cypern_-_C01126.tif
C08654.tif|Solstrålar_i_kruksalen._Stockholm_Svenska_Cypernexpeditionen_-_SMVK-MM-Cypern_-_C08654.tif
C00981.tif|Grav_602,_interiör_med_fynd_in_situ._Lapithos._Svenska_Cypernexpeditionen_-_SMVK-MM-Cypern_-_C00981.tif
C00958.tif|Lapitos,_grävningsplatsen._Kylistra._Svenska_Cypernexpeditionen_-_SMVK-MM-Cypern_-_C00958.tif
C01792.tif|Ruta_L_11._Ajia_Irini._Svenska_Cypernexpeditionen_-_SMVK-MM-Cypern_-_C01792.tif
C01835.tif|Ajia_Irini._No._1998_in_situ_-_SMVK-MM-Cypern_-_C01835.tif
C06287.tif|John_Lindros_på_fotografisk_expedition._Macheras._Svenska_Cypernexpeditionen_-_SMVK-MM-Cypern_-_C06287.tif
C06232.tif|Skulpturer_i_gamla_Posis_-_SMVK-MM-Cypern_-_C06232.tif
C04135.tif|Cholades._Rum_XLV,_altare_156_med_fynd_in_situ._Soli._Svenska_Cypernexpeditionen_-_SMVK-MM-Cypern_-_C04135.tif
Csn150.tif|Svenska_Cypernexpeditionen_fråga_-_SMVK-MM-Cypern_-_Csn150.tif
C01669.tif|John_Lindros,_Vivi_Gjerstad_och_Alfred_Westholm_vid_frukostbordet._Vouni_-_SMVK-MM-Cypern_-_C01669.tif
C06080.tif|Vouni._Utsikt_mot_söder._Svenska_Cypernexpeditionen_-_SMVK-MM-Cypern_-_C06080.tif
C01709.tif|Akropolen_från_öster._Idalion._Svenska_Cypernexpeditionen_-_SMVK-MM-Cypern_-_C01709.tif
C02979.tif|Amathus._Grav_10,_med_täckstenar._Svenska_Cypernexpeditionen_-_SMVK-MM-Cypern_-_C02979.tif
C00270.tif|Skulptur_-_SMVK-MM-Cypern_-_C00270.tif
15901D.tif|Fältritning._Ajia_Irini._Svenska_Cypernexpeditionen_-_SMVK-MM-Cypern_-_15901D.tif
C00802.tif|Plakes,_E.C.-huset,_tvärprofilen._Lapithos._Svenska_Cypernexpeditionen_-_SMVK-MM-Cypern_-_C00802.tif
C01286.tif|Grav_53,_arbetsbild._Marion._Svenska_Cypernexpeditionen_-_SMVK-MM-Cypern_-_C01286.tif
C01832.tif|Bron_efter_första_höstregnet._Chiloura._Svenska_Cypernexpeditionen_-_SMVK-MM-Cypern_-_C01832.tif
C01783.tif|Grav_7,_interiör._Kountoura_Trachonia._Svenska_Cypernexpeditionen_-_SMVK-MM-Cypern_-_C01783.tif
C02284.tif|Grav_11,_fynd_in_situ._Amathus_Svenska_Cypernexpeditionen_-_SMVK-MM-Cypern_-_C02284.tif
C05969.tif|Stenhuset._Vouni._Svenska_Cypernexpeditionen_-_SMVK-MM-Cypern_-_C05969.tif
C01430.tif|Grav_7_från_sydväst._Paleoskoutella._Svenska_Cypernexpeditionen_-_SMVK-MM-Cypern_-_C01430.tif
C01811.tif|Arbetsbild._Erik_Sjöqvist._Ajia_Irini._Svenska_Cypernexpeditionen_-_SMVK-MM-Cypern_-_C01811.tif
C00704.tif|Teatern,_scenens_fasad._Alfred_Westholm._Soli._Svenska_Cypernexpeditionen_-_SMVK-MM-Cypern_-_C00704.tif
C01804.tif|Helhetsbild._Ajia_Irini._Svenska_Cypernexpeditionen_-_SMVK-MM-Cypern_-_C01804.tif
C06077.tif|Soli._Teatern._Svenska_Cypernexpeditionen_-_SMVK-MM-Cypern_-_C06077.tif
C00868.tif|Kultdepån_i_K_7._Idalion._Svenska_Cypernexpeditionen_-_SMVK-MM-Cypern_-_C00868.tif
C06655.tif|Cypernsamlingen,_arbetslokaler._Stockholm._Svenska_Cypernexpeditionen_-_SMVK-MM-Cypern_-_C06655.tif
C02411.tif|Vivi_och_Stefan_Gjerstad_och_rider_kamel._Nicosia._Svenska_Cypernexpeditionen_fråga_-_SMVK-MM-Cypern_-_C02411.tif
C02510.tif|Grav_14,_interiör._Enkomi._Svenska_Cypernexpeditionen_-_SMVK-MM-Cypern_-_C02510.tif
C02787.tif|Jordprofil._Mersinaki._Svenska_Cypernexpeditionen_-_SMVK-MM-Cypern_-_C02787.tif
Csn099.tif|Svenska_Cypernexpeditionen_fråga_-_SMVK-MM-Cypern_-_Csn099.tif
C01820.tif|Ruta_K_10._Ajia_Irini._Svenska_Cypernexpeditionen_-_SMVK-MM-Cypern_-_C01820.tif
C01187.tif|Grav_22,_dromos._Marion._Svenska_Cypernexpeditionen_-_SMVK-MM-Cypern_-_C01187.tif
C05060.tif|Utställning_på_Liljevalchs_Konsthall_-_SMVK-MM-Cypern_-_C05060.tif
C00785.tif|Arbetsbild._Oura._Svenska_Cypernexpeditionen_-_SMVK-MM-Cypern_-_C00785.tif
C01259.tif|Grav_32,_nisch_III_öppnad._Marion._Svenska_Cypernexpeditionen_-_SMVK-MM-Cypern_-_C01259.tif
15911D.tif|Fältritning._Ajia_Irini._Svenska_Cypernexpeditionen_-_SMVK-MM-Cypern_-_15911D.tif
C00376.tif|Arbetarpicninc._Milia._Svenska_Cypernexpeditionen_-_SMVK-MM-Cypern_-_C00376.tif
C06005.tif|Livet_på_terrassen,_fröken_Atterman._Macheras._Svenska_Cypernexpeditionen_-_SMVK-MM-Cypern_-_C06005.tif
15912D.tif|Fältritning._Ajia_Irini._Svenska_Cypernexpeditionen_-_SMVK-MM-Cypern_-_15912D.tif
C06685.tif|Stockholm,_Posis._Ie's_sommarstass_-_SMVK-MM-Cypern_-_C06685.tif
15905D.tif|Fältritning._Ajia_Irini._Svenska_Cypernexpeditionen_-_SMVK-MM-Cypern_-_15905D.tif
C00960.tif|Lapitos,_grav_501._Svenska_Cypernexpeditionen_-_SMVK-MM-Cypern_-_C00960.tif
C00821.tif|Lapithos,_lanskapsbild._Svenska_Cypernexpeditionen_-_SMVK-MM-Cypern_-_C00821.tif
C06085.tif|Vouni._Utsikt_från_palatset_mot_toppen._Svenska_Cypernexpeditionen_-_SMVK-MM-Cypern_-_C06085.tif
C04882.tif|Souidos,_Johansson_och_Kakoulis._Stockholm_Svenska_Cypernexpeditionen_-_SMVK-MM-Cypern_-_C04882.tif
C10053.tif|Ernst_Kjellberg_-_SMVK-MM-Cypern_-_C10053.tif
C03256.tif|Flyttning_efter_slutad_utgrävning._Vouni._Svenska_Cypernexpeditionen_-_SMVK-MM-Cypern_-_C03256.tif
C08747.tif|Utställning_Före_Fidias_._Trädtabellen._Stockholm_Svenska_Cypernexpeditionen_-_SMVK-MM-Cypern_-_C08747.tif
C00755.tif|Muktaren_med_fru._Ajios_Jakovos_Svenska_Cypernexpeditionen_-_SMVK-MM-Cypern_-_C00755.tif
C02762.tif|Arbetsbild._Mersinaki._Svenska_Cypernexpeditionen_-_SMVK-MM-Cypern_-_C02762.tif
C02410.tif|Vivi_Gjerstad_rider_kamel._Nicosia._Svenska_Cypernexpeditionen_-_SMVK-MM-Cypern_-_C02410.tif
C00996.tif|Svenska_institutet._Nicosia._Svenska_Cypernexpeditionen_-_SMVK-MM-Cypern_-_C00996.tif
C06015.tif|Exteriör_av_Cypern-huset._Stockholm._Svenska_Cypernexpeditionen_-_SMVK-MM-Cypern_-_C06015.tif
C06078.tif|Vouni._Utsikt_mot_Petra._Svenska_Cypernexpeditionen_-_SMVK-MM-Cypern_-_C06078.tif
C02536.tif|Fr.v_-_SMVK-MM-Cypern_-_C02536.tif
C04140.tif|Cholades._Rum_XLIII_A,_offergropen_vid_altare_154._Soli._Svenska_Cypernexpeditionen_-_SMVK-MM-Cypern_-_C04140.tif
Csn003.tif|Arkeologerna_flyter._Erik_Sjöqvist,_Alfred_Westholm_och_Einar_Gjerstad.Svenska_Cypernexpeditionen_-_SMVK-MM-Cypern_-_Csn003.tif
C01407.tif|Kultplatsen_under_grav_1_från_norr._Paleoskoutella._Svenska_Cypernexpeditionen_-_SMVK-MM-Cypern_-_C01407.tif
C06076.tif|Soli._Teatern._Svenska_Cypernexpeditionen_-_SMVK-MM-Cypern_-_C06076.tif
C01344.tif|Marion._Morgonstämning._Svenska_Cypernexpeditionen_-_SMVK-MM-Cypern_-_C01344.tif
C03711.tif|Utsikt_över_Kambos_dalen_Soli._Svenska_Cypernexpeditionen_-_SMVK-MM-Cypern_-_C03711.tif
C02446.tif|Profilkors_vid_stora_vattenrännan._Ajia_Irini._Svenska_Cypernexpeditionen_-_SMVK-MM-Cypern_-_C02446.tif
C02299.tif|Amathus._Grav_5,_depå_i_dromos_in_situ._Svenska_Cypernexpeditionen_-_SMVK-MM-Cypern_-_C02299.tif
C02359.tif|Geometriska_cementgolvet._Ajios_Jakovos_Svenska_Cypernexpeditionen_-_SMVK-MM-Cypern_-_C02359.tif
C01818.tif|Ruta_L_10._Ajia_Irini._Svenska_Cypernexpeditionen_-_SMVK-MM-Cypern_-_C01818.tif
C00797.tif|Lapithos,_Plakes,_landskapsbild._Svenska_Cypernexpeditionen_-_SMVK-MM-Cypern_-_C00797.tif
C07780.tif|Gruppbild_från_grävningarna_i_Asine._Övre_raden_fr.v_-_SMVK-MM-Cypern_-_C07780.tif
C01801.tif|Helhetsbild._Ajia_Irini._Svenska_Cypernexpeditionen_-_SMVK-MM-Cypern_-_C01801.tif
C01648.tif|Gipstransport._Vouni._Svenska_Cypernexpeditionen_-_SMVK-MM-Cypern_-_C01648.tif
C10056.tif|John_Lindros._Lapithos._Svenska_Cypernexpeditionen_-_SMVK-MM-Cypern_-_C10056.tif
C06794.tif|Landskap_från_vägen_till_Hallefka._Svenska_Cypernexpeditionen_-_SMVK-MM-Cypern_-_C06794.tif
C01199.tif|Grav_15,_interiör_mot_dromos._Marion._Svenska_Cypernexpeditionen_-_SMVK-MM-Cypern_-_C01199.tif
C03542.tif|Grav_8,_dörrpackning._Stylli._Svenska_Cypernexpeditionen_-_SMVK-MM-Cypern_-_C03542.tif
C06283.tif|Hyddan_i_måndalen._Macheras._Svenska_Cypernexpeditionen_-_SMVK-MM-Cypern_-_C06283.tif
C05064.tif|Utställning_på_Liljevalchs_Konsthall_-_SMVK-MM-Cypern_-_C05064.tif
C00580.tif|Grav_14,_huggningar_i_taket._Vouni_Svenska_Cypernexpeditionen_-_SMVK-MM-Cypern_-_C00580.tif
C02974.tif|Amathus._Grav_14,_fyndlagret._Dubbelexponerad._Svenska_Cypernexpeditionen_-_SMVK-MM-Cypern_-_C02974.tif
Csn027.tif|Byskolan_Ajia_Irini._Svenska_Cypernexpeditionen_-_SMVK-MM-Cypern_-_Csn027.tif
C00253.tif|Teatern._Toulis_vid_stranden._Soli_Svenska_Cypernexpeditionen_-_SMVK-MM-Cypern_-_C00253.tif
C05769.tif|John_Lindros._Stockholm._Svenska_Cypernexpeditionen_-_SMVK-MM-Cypern_-_C05769.tif
C00777.tif|Landskap._Oura._Svenska_Cypernexpeditionen_-_SMVK-MM-Cypern_-_C00777.tif
15896D.tif|Fältritning._Sektion_V._Profil_mellan_E_och_Z._Svenska_Cypernexpeditionen_-_SMVK-MM-Cypern_-_15896D.tif
C06314.tif|Kaffepaus_i_trädgården,_Posis._Stockholm._Fr.v._Toulis,_B_-_SMVK-MM-Cypern_-_C06314.tif
C08992.tif|Fru_Saether._Stockholm_Svenska_Cypernexpeditionen_-_SMVK-MM-Cypern_-_C08992.tif
C02406.tif|Vouni-avdelningen_lastar_utanför_Svenska_institutet._Volvo._Nicosia._Svenska_Cypernexpeditionen_-_SMVK-MM-Cypern_-_C02406.tif
C00824.tif|Badstranden._Lambousa._Svenska_Cypernexpeditionen_-_SMVK-MM-Cypern_-_C00824.tif
C01390.tif|Statyer_i_stengärdsgård._Oura._Svenska_Cypernexpeditionen_-_SMVK-MM-Cypern_-_C01390.tif
C01252.tif|Grav_16,_efter_utgrävningen._Marion._Svenska_Cypernexpeditionen_-_SMVK-MM-Cypern_-_C01252.tif
C02970.tif|Amathus._Grav_10,_fyndlagret_in_situ._Svenska_Cypernexpeditionen_-_SMVK-MM-Cypern_-_C02970.tif
C00640.tif|Eleni_diskar._Vouni_Svenska_Cypernexpeditionen_-_SMVK-MM-Cypern_-_C00640.tif
C00624.tif|Rum_123,_ruta_C1,_statyer_in_situ._Vouni_Svenska_Cypernexpeditionen_-_SMVK-MM-Cypern_-_C00624.tif
C04895.tif|Souidos_med_lagad_kruka._Stockholm_Svenska_Cypernexpeditionen_-_SMVK-MM-Cypern_-_C04895.tif
Csn144.tif|Svenska_Cypernexpeditionen_fråga_-_SMVK-MM-Cypern_-_Csn144.tif
C01823.tif|Ruta_L_9-10._Ajia_Irini._Svenska_Cypernexpeditionen_-_SMVK-MM-Cypern_-_C01823.tif
C02600.tif|Ford_?_N520._Kerynia_Svenska_Cypernexpeditionen_-_SMVK-MM-Cypern_-_C02600.tif
C10050.tif|Polis_?_Famagusta._Svenska_Cypernexpeditionen_-_SMVK-MM-Cypern_-_C10050.tif
C00410.tif|Grav_317,_dromos._Lapithos._Svenska_Cypernexpeditionen_-_SMVK-MM-Cypern_-_C00410.tif
C00798.tif|Lapithos,_Plakes,_landskapsbild_från_NO._Svenska_Cypernexpeditionen_-_SMVK-MM-Cypern_-_C00798.tif
C01726.tif|Kultrummet,_stora_depån,_detalj._Kition._Svenska_Cypernexpeditionen_-_SMVK-MM-Cypern_-_C01726.tif
15898D.tif|Fältritning._Sektion_XIII._Profil_mellan_7_och_8._Skala_1-20_-_SMVK-MM-Cypern_-_15898D.tif
C03206.tif|Hus_IV_och_V_efter_utgrävningen._Kythrea._Svenska_Cypernexpeditionen_-_SMVK-MM-Cypern_-_C03206.tif
C01441.tif|Arbetsstyrkan_sista_dagen._Vouni._Svenska_Cypernexpeditionen_-_SMVK-MM-Cypern_-_C01441.tif
C01697.tif|Hinkning._Ajios_Jakovos._Svenska_Cypernexpeditionen_-_SMVK-MM-Cypern_-_C01697.tif
C02313.tif|Amathus._Grav_14_efter_utgrävningen._Svenska_Cypernexpeditionen_-_SMVK-MM-Cypern_-_C02313.tif
C03642.tif|Cholades._Rum_VI_från_väster._Soli._Svenska_Cypernexpeditionen_-_SMVK-MM-Cypern_-_C03642.tif
C01728.tif|Kultrummet,_stora_depån,_detalj._Kition._Svenska_Cypernexpeditionen_-_SMVK-MM-Cypern_-_C01728.tif
C01701.tif|Erik_Sjöqvist_i_dromos_till_grav_8._Ajios_Jakovos._Svenska_Cypernexpeditionen_-_SMVK-MM-Cypern_-_C01701.tif
C02442.tif|En_serie_korsande_jordprofiler_vid_stora_vattenrännan._Ajia_Irini._Svenska_Cypernexpeditionen_-_SMVK-MM-Cypern_-_C02442.tif
C02247.tif|J.A.S._Arkaiska_templet_från_öster._Ajios_Jakovos._Svenska_Cypernexpeditionen_-_SMVK-MM-Cypern_-_C02247.tif
C00628.tif|Från_Solis_akropol._Vouni_Svenska_Cypernexpeditionen_-_SMVK-MM-Cypern_-_C00628.tif
C04990.tif|Stenkvist_zaponerar._Stockholm._Svenska_Cypernexpeditionen_-_SMVK-MM-Cypern_-_C04990.tif
C06086.tif|Vouni._Palatset_från_sydväst._Svenska_Cypernexpeditionen_-_SMVK-MM-Cypern_-_C06086.tif
C04119.tif|Basthuset._Mersinaki._Svenska_Cypernexpeditionen_-_SMVK-MM-Cypern_-_C04119.tif
C09752.tif|Erik_Sjöqvist,_prästen_och_Einar_Gjerstad._Mandres._Svenska_Cypernexpeditionen_-_SMVK-MM-Cypern_-_C09752.tif
C02784.tif|Grop_H_14-15_efter_utgrävningen._Mersinaki._Svenska_Cypernexpeditionen_-_SMVK-MM-Cypern_-_C02784.tif
15909D.tif|Fältritning._Ajia_Irini._Svenska_Cypernexpeditionen_-_SMVK-MM-Cypern_-_15909D.tif
C00875.tif|Fynd_i_G_6-7_Idalion._Svenska_Cypernexpeditionen_-_SMVK-MM-Cypern_-_C00875.tif
C00650.tif|Vivi_Gjerstad_under_Charoupiaträdet._Vouni_Svenska_Cypernexpeditionen_-_SMVK-MM-Cypern_-_C00650.tif
C01699.tif|Sapties_utanför_sitt_tält._Ajios_Jakovos._Svenska_Cypernexpeditionen_-_SMVK-MM-Cypern_-_C01699.tif
C06752.tif|Einar_Gjerstad_i_Loures._Vouni._Svenska_Cypernexpeditionen_-_SMVK-MM-Cypern_-_C06752.tif
C01635.tif|Klart_till_månskens_pick-nick._Alfred_Westholm,_Gudrun_Otterman,_John_Lindros._Vouni_-_SMVK-MM-Cypern_-_C01635.tif
C01482.tif|Arbetsbild._Paleoskoutella._Svenska_Cypernexpeditionen_-_SMVK-MM-Cypern_-_C01482.tif
C04349.tif|Byskolan_Ajia_Irini._Svenska_Cypernexpeditionen_-_SMVK-MM-Cypern_-_C04349.tif
C01110.tif|Volvo_på_en_bygata._Kythrea._Svenska_Cypernexpeditionen_-_SMVK-MM-Cypern_-_C01110.tif
Csn146.tif|_-_SMVK-MM-Cypern_-_Csn146.tif
C01279.tif|Arbetsbild._Marion._Svenska_Cypernexpeditionen_-_SMVK-MM-Cypern_-_C01279.tif
C01649.tif|Arbetsbild_från_östsluttningen._Vouni._Svenska_Cypernexpeditionen_-_SMVK-MM-Cypern_-_C01649.tif
C01490.tif|Lägret._Oura._Svenska_Cypernexpeditionen_-_SMVK-MM-Cypern_-_C01490.tif
C08203.tif|Einar_Gjerstad_simmar._Kerynia._Svenska_Cypernexpeditionen_-_SMVK-MM-Cypern_-_C08203.tif
C01118.tif|Alfred_Westholm,_svenska_institutet._Nicosia._Svenska_Cypernexpeditionen_-_SMVK-MM-Cypern_-_C01118.tif
C00508.tif|Familjen_Gjerstad_utanför_tälten._Vouni_Svenska_Cypernexpeditionen_-_SMVK-MM-Cypern_-_C00508.tif
C06268.tif|Einar_Gjerstad,_vattenprov._Kerynia._Svenska_Cypernexpeditionen_-_SMVK-MM-Cypern_-_C06268.tif
C01049.tif|Alfred_Westholm,_Atterman,_Erik_Sjöqvist_och_Kristos_?_St._Hilarion._Svenska_Cypernexpeditionen_-_SMVK-MM-Cypern_-_C01049.tif
C02965.tif|Amathus._Grav_16._Svenska_Cypernexpeditionen_-_SMVK-MM-Cypern_-_C02965.tif
C08270.tif|Brita._Stockholm_Svenska_Cypernexpeditionen_-_SMVK-MM-Cypern_-_C08270.tif
C02293.tif|Amathus._Grav_21,_pärlor_in_situ._Svenska_Cypernexpeditionen_-_SMVK-MM-Cypern_-_C02293.tif
C00478.tif|Teatern,_dans_på_orkestran._Soli_Svenska_Cypernexpeditionen_-_SMVK-MM-Cypern_-_C00478.tif
C01442.tif|Avlöning._Vouni._Svenska_Cypernexpeditionen_-_SMVK-MM-Cypern_-_C01442.tif
C09180.tif|Fr.v._Doktor_Schwabacher,_fru_Saether,_lektor_Roos._Stockholm_Svenska_Cypernexpeditionen_-_SMVK-MM-Cypern_-_C09180.tif
C00750.tif|Volvo_vid_kaféet_Pyrgos_Svenska_Cypernexpeditionen_-_SMVK-MM-Cypern_-_C00750.tif
C06688.tif|Cypernsamlingen._Utsikt_genom_springan_i_väggen._Stockholm._Svenska_Cypernexpeditionen_-_SMVK-MM-Cypern_-_C06688.tif
C01759.tif|Öster_om_kultrummet_I-III,_djupgrävning._Kition._Svenska_Cypernexpeditionen_-_SMVK-MM-Cypern_-_C01759.tif
C01372.tif|Entrén._Nitovikla_Svenska_Cypernexpeditionen_-_SMVK-MM-Cypern_-_C01372.tif
C02555.tif|Akropolen_från_sydväst._Idalion._Svenska_Cypernexpeditionen_-_SMVK-MM-Cypern_-_C02555.tif
Csn147.tif|_-_SMVK-MM-Cypern_-_Csn147.tif
C01695.tif|Alfred_Westholm_vid_avvägningsinstrumentet._Vouni._Svenska_Cypernexpeditionen_-_SMVK-MM-Cypern_-_C01695.tif
C06291.tif|Ernst_Kjellberg_dricker_saft._Nicosia._Svenska_Cypernexpeditionen_-_SMVK-MM-Cypern_-_C06291.tif
C02548.tif|Marion._T61,_dromos._Svenska_Cypernexpeditionen_-_SMVK-MM-Cypern_-_C02548.tif
C05773.tif|Adling._Stockholm._Svenska_Cypernexpeditionen_-_SMVK-MM-Cypern_-_C05773.tif
C00554.tif|Grav_11,_efterbegravning._Vouni_Svenska_Cypernexpeditionen_-_SMVK-MM-Cypern_-_C00554.tif
C06298.tif|Flickorna_från_Galini_Vouni._Svenska_Cypernexpeditionen_-_SMVK-MM-Cypern_-_C06298.tif
C01810.tif|Altaret_från_nordöst._Ajia_Irini._Svenska_Cypernexpeditionen_-_SMVK-MM-Cypern_-_C01810.tif
C00426.tif|Erik_Sjöqvist_Lapithos._Svenska_Cypernexpeditionen_-_SMVK-MM-Cypern_-_C00426.tif
C00828.tif|Dansen_går._Macheras._Svenska_Cypernexpeditionen_-_SMVK-MM-Cypern_-_C00828.tif
C03637.tif|Cholades._Tempel_C_från_söder._Soli._Svenska_Cypernexpeditionen_-_SMVK-MM-Cypern_-_C03637.tif
C01011.tif|Svenska_institutet._Nicosia._Svenska_Cypernexpeditionen_-_SMVK-MM-Cypern_-_C01011.tif
C03093.tif|Hellenistiska_huset_från_väster._Mersinaki._Svenska_Cypernexpeditionen_-_SMVK-MM-Cypern_-_C03093.tif
C00646.tif|Gjerstad_och_Westholm_dricker_te._Vouni_Svenska_Cypernexpeditionen_-_SMVK-MM-Cypern_-_C00646.tif
C02312.tif|Grav_24,_dromos_med_dörrsten_in_situ._Amathus_Svenska_Cypernexpeditionen_-_SMVK-MM-Cypern_-_C02312.tif
C06075.tif|Kythrea._Grottan_i_Fylleri,_uppstigningen._Svenska_Cypernexpeditionen_-_SMVK-MM-Cypern_-_C06075.tif
C08652.tif|Rutschbanan._Stockholm_Svenska_Cypernexpeditionen_-_SMVK-MM-Cypern_-_C08652.tif
C03978.tif|Teatern,_Eisodos_krypti._Soli_Svenska_Cypernexpeditionen_-_SMVK-MM-Cypern_-_C03978.tif
C02309.tif|Grav_24,_dromos_med_öppnad_port._Amathus_Svenska_Cypernexpeditionen_-_SMVK-MM-Cypern_-_C02309.tif
C02479.tif|Einar_och_Vivi_Gjerstad_på_besök._Ajia_Irini._Svenska_Cypernexpeditionen_-_SMVK-MM-Cypern_-_C02479.tif
C00647.tif|Skämt._Vouni_Svenska_Cypernexpeditionen_-_SMVK-MM-Cypern_-_C00647.tif
C02599.tif|Einar_Gjerstad_blir_klippt._Nicosia._Svenska_Cypernexpeditionen_-_SMVK-MM-Cypern_-_C02599.tif
C00511.tif|Slakt._Vouni_Svenska_Cypernexpeditionen_-_SMVK-MM-Cypern_-_C00511.tif
C01705.tif|Erik_Sjöqvist_packar_kranier._Ajios_Jakovos._Svenska_Cypernexpeditionen_-_SMVK-MM-Cypern_-_C01705.tif
C00641.tif|Palatsägaren_Charalampos_med_korouan_,_no._290._Vouni_Svenska_Cypernexpeditionen_-_SMVK-MM-Cypern_-_C00641.tif
C06776.tif|Hallen,_antika_blomvaser._Nicosia._Svenska_Cypernexpeditionen_-_SMVK-MM-Cypern_-_C06776.tif
C01123.tif|Punktering,_Volvo._Svenska_Cypernexpeditionen_-_SMVK-MM-Cypern_-_C01123.tif
C02614.tif|Nekropolberget_från_söder._Paleoskoutella_Svenska_Cypernexpeditionen_-_SMVK-MM-Cypern_-_C02614.tif
C03553.tif|Negativ_grav,_dörrpackning._Stylli._Svenska_Cypernexpeditionen_fråga_-_SMVK-MM-Cypern_-_C03553.tif
C02394.tif|Chocolatas_hus,_salongen._Kition._Svenska_Cypernexpeditionen_-_SMVK-MM-Cypern_-_C02394.tif
C00614.tif|Palatskullen_förer_utgrävningen._Vouni_Svenska_Cypernexpeditionen_-_SMVK-MM-Cypern_-_C00614.tif
C04393+C04394.tif|Teatern._Från_öster._Sammansättningsbild._Soli._Svenska_Cypernexpeditionen_-_SMVK-MM-Cypern_-_C04393+C04394.tif
C08205.tif|Caféveranda_i_Karavostasi_-_SMVK-MM-Cypern_-_C08205.tif
C06265.tif|Regatta,_Erik_Sjöqvist_Baghazi._Svenska_Cypernexpeditionen_-_SMVK-MM-Cypern_-_C06265.tif
C02463.tif|Helhetsbild_från_sydväst._Ajia_Irini._Svenska_Cypernexpeditionen_-_SMVK-MM-Cypern_-_C02463.tif
Csn145.tif|_-_SMVK-MM-Cypern_-_Csn145.tif
C06079.tif|Vouni._Utsikt_mot_Soli._Svenska_Cypernexpeditionen_-_SMVK-MM-Cypern_-_C06079.tif
C02405.tif|Vouni-avdelningen_lastar_utanför_Svenska_institutet._Volvo._Nicosia._Svenska_Cypernexpeditionen_-_SMVK-MM-Cypern_-_C02405.tif
C03964.tif|Athena-templet_från_öster._Vouni._Svenska_Cypernexpeditionen_-_SMVK-MM-Cypern_-_C03964.tif
C02335.tif|Boplatsen._Kythrea._Svenska_Cypernexpeditionen_-_SMVK-MM-Cypern_-_C02335.tif
C05052.tif|Utställning_på_Liljevalchs_Konsthall_1933._M.C._rummet._Stockholm._Svenska_Cypernexpeditionen_-_SMVK-MM-Cypern_-_C05052.tif
C00639.tif|Athenatemplet,_no._152_in_situ._Vouni_Svenska_Cypernexpeditionen_-_SMVK-MM-Cypern_-_C00639.tif
C01691.tif|Stolphål_1,_period_III._Petra_Tou_Limniti._Svenska_Cypernexpeditionen_-_SMVK-MM-Cypern_-_C01691.tif
C08651.tif|Rutschbanan._Stockholm_Svenska_Cypernexpeditionen_-_SMVK-MM-Cypern_-_C08651.tif
C00753.tif|Färd_till_Galini._Galini._Svenska_Cypernexpeditionen_-_SMVK-MM-Cypern_-_C00753.tif
C00831.tif|John_Lindros_på_verandan._Macheras._Svenska_Cypernexpeditionen_-_SMVK-MM-Cypern_-_C00831.tif
C01044.tif|Erik_Sjöqvist_och_Alfred_Westholm_på_svenska_institutets_gård._Nicosia._Svenska_Cypernexpeditionen_-_SMVK-MM-Cypern_-_C01044.tif
C09418.tif|Cypernutsällningen,_östra_stallet?_Stockholm_Svenska_Cypernexpeditionen_-_SMVK-MM-Cypern_-_C09418.tif
C03598.tif|Cholades._Templen_utgrävda._Soli._Svenska_Cypernexpeditionen_-_SMVK-MM-Cypern_-_C03598.tif
C01491.tif|Statygärdsgården._Oura._Svenska_Cypernexpeditionen_-_SMVK-MM-Cypern_-_C01491.tif
C02206.tif|Kristos_och_Alfred_Westholm_gräver_statyer_i_rum_117._Vouni._Svenska_Cypernexpeditionen_-_SMVK-MM-Cypern_-_C02206.tif
C05065.tif|Utställning_på_Liljevalchs_Konsthall_-_SMVK-MM-Cypern_-_C05065.tif
C06421.tif|Skulptur,_kalksten_Svenska_Cypernexpeditionen_-_SMVK-MM-Cypern_-_C06421.tif
C03037.tif|Herakleskapellet_efter_utgrävningen._Vouni._Svenska_Cypernexpeditionen_fråga_-_SMVK-MM-Cypern_-_C03037.tif
C01679.tif|Familjen_Gjerstad._Petra_Tou_Limniti._Svenska_Cypernexpeditionen_-_SMVK-MM-Cypern_-_C01679.tif
C01122.tif|Akropolen_före_utgrävningen._Idalion._Svenska_Cypernexpeditionen_-_SMVK-MM-Cypern_-_C01122.tif
C00758.tif|Kameler_lastas_med_keramiklådor._Milia._Svenska_Cypernexpeditionen_-_SMVK-MM-Cypern_-_C00758.tif
C01263.tif|Marion._Sarkofag_och_dörrstenar_till_Gunnis_grav._Svenska_Cypernnexpeditionen_-_SMVK-MM-Cypern_-_C01263.tif
C02960.tif|Grav_13._Amathus._Svenska_Cypernexpeditionen_-_SMVK-MM-Cypern_-_C02960.tif
C02485.tif|Fältbild._Enkomi._Svenska_Cypernexpeditionen_-_SMVK-MM-Cypern_-_C02485.tif
C01746.tif|Stora_profilväggen_inom_kultrummet._Kition._Svenska_Cypernexpeditionen_-_SMVK-MM-Cypern_-_C01746.tif
15904D.tif|Fältritning._Ajia_Irini._Svenska_Cypernexpeditionen_-_SMVK-MM-Cypern_-_15904D.tif
C01702.tif|Erik_Sjöqvist_under_ginträdet_._Ajios_Jakovos._Svenska_Cypernexpeditionen_-_SMVK-MM-Cypern_-_C01702.tif
C01589.tif|Erik_Sjöqvist_och_fröken_Atterman_med_kameler._Karpassos._Svenska_Cypernexpeditionen_-_SMVK-MM-Cypern_-_C01589.tif
C02295.tif|Grav_22,_fyndlagret_in_situ._Amathus_Svenska_Cypernexpeditionen_-_SMVK-MM-Cypern_-_C02295.tif
C00908.tif|Julafton_1927,_frukostbordet_Nicosia_Svenska_Cypernexpeditionen_-_SMVK-MM-Cypern_-_C00908.tif
C02770.tif|Utsikt_mot_Vouni_från_utgrävningen._Mersinaki._Svenska_Cypernexpeditionen_-_SMVK-MM-Cypern_-_C02770.tif
C06297.tif|Dynamitfiske._Vouni._Svenska_Cypernexpeditionen_-_SMVK-MM-Cypern_-_C06297.tif
15913D.tif|Fältritning._Sammansatt_bild._Ajia_Irini._Svenska_Cypernexpeditionen._Se_15899D,_15912D_-_SMVK-MM-Cypern_-_15913D.tif
C01227.tif|Grav_47,_interiör._Marion._Svenska_Cypernexpeditionen_-_SMVK-MM-Cypern_-_C01227.tif
C03595.tif|Cholades._Rum_XLIII_A,_offergropen_vid_altare_154_efter_utgrävningen._Soli_-_SMVK-MM-Cypern_-_C03595.tif
C00652.tif|Eleni_köket._Vouni_Svenska_Cypernexpeditionen_-_SMVK-MM-Cypern_-_C00652.tif
C00484.tif|Torget._Volvo_?_Polis_Svenska_Cypernexpeditionen_-_SMVK-MM-Cypern_-_C00484.tif
C00378.tif|Ödsligt_landskap_med_herdar._Fokas_kapell_i_bakgrunden._Milia._Svenska_Cypernexpeditionen_-_SMVK-MM-Cypern_-_C00378.tif
C00741.tif|Martin_Gjerstad,_Lazaros_och_no._290._Vouni._Svenska_Cypernexpeditionen_-_SMVK-MM-Cypern_-_C00741.tif
C01036.tif|Snögubbe._Nicosia._Svenska_Cypernexpeditionen_-_SMVK-MM-Cypern_-_C01036.tif
C01447.tif|Middagsrast._Ajios_Jakovos._Svenska_Cypernexpeditionen_-_SMVK-MM-Cypern_-_C01447.tif
C01813.tif|Arbetsbild._Ajia_Irini._Svenska_Cypernexpeditionen_-_SMVK-MM-Cypern_-_C01813.tif
C01642.tif|Alfred_Westholm._Mavro_Keratas_i_stass._Vouni._Svenska_Cypernexpeditionen_-_SMVK-MM-Cypern_-_C01642.tif
C00759.tif|Från_gravberget._Vouni._Svenska_Cypernexpeditionen_-_SMVK-MM-Cypern_-_C00759.tif
C00995.tif|Svenska_huset._Nicosia._Svenska_Cypernexpeditionen_-_SMVK-MM-Cypern_-_C00995.tif
C00921.tif|Giorkos_barndop._Nicosia_Svenska_Cypernexpeditionen_-_SMVK-MM-Cypern_-_C00921.tif
C00719.tif|Pezoullia,_provschakt_1,_mosaikgolv,_detalj._Soli._Svenska_Cypernexpeditionen_-_SMVK-MM-Cypern_-_C00719.tif
C01532.tif|Fröken_Atterman,_Erik_Sjöqvist_och_John_Lindros._St._Hilarion._Svenska_Cypernexpeditionen_-_SMVK-MM-Cypern_-_C01532.tif
C01195.tif|Grav_22,_interiör._Marion._Svenska_Cypernexpeditionen_-_SMVK-MM-Cypern_-_C01195.tif
C01808.tif|Altaret_från_öster._Ajia_Irini._Svenska_Cypernexpeditionen_-_SMVK-MM-Cypern_-_C01808.tif
C00959.tif|Grav_501_Lapithos._Svenska_Cypernexpeditionen_-_SMVK-MM-Cypern_-_C00959.tif
C04161.tif|Cholades._No_438_en_face._Soli._Svenska_Cypernexpeditionen_-_SMVK-MM-Cypern_-_C04161.tif
C01640.tif|Fröken_Atterman_i_rum_42._Vouni._Svenska_Cypernexpeditionen_-_SMVK-MM-Cypern_-_C01640.tif
C00887.tif|Avskedsfesten_hos_Panajiotis._Idalion._Svenska_Cypernexpeditionen_-_SMVK-MM-Cypern_-_C00887.tif
C01707.tif|Igenskottning_av_gravar._Ajios_Jakovos._Svenska_Cypernexpeditionen_-_SMVK-MM-Cypern_-_C01707.tif
C05053.tif|Utställning_på_Liljevalchs_Konsthall_-_SMVK-MM-Cypern_-_C05053.tif
C01335.tif|Marion._T._93,_interiör,_kammartaket._Svenska_Cypernexpeditionen_-_SMVK-MM-Cypern_-_C01335.tif
C02793.tif|Statyer_i_J_18-19._Mersinaki._Svenska_Cypernexpeditionen_-_SMVK-MM-Cypern_-_C02793.tif
C03712.tif|Afrodite_Galini,_in_situ._Galini._Svenska_Cypernexpeditionen_-_SMVK-MM-Cypern_-_C03712.tif
C01816.tif|Ruta_L_9-10._Ajia_Irini._Svenska_Cypernexpeditionen_-_SMVK-MM-Cypern_-_C01816.tif
C08219.tif|Tröskning._Enkomi._Svenska_Cypernexpeditionen_-_SMVK-MM-Cypern_-_C08219.tif
C06845.tif|Utställning_på_Liljevalchs_Konsthall_1933._Vouni_17._Stockholm._Svenska_Cypernexpeditionen_-_SMVK-MM-Cypern_-_C06845.tif
C00307.tif|Lapithos,_arbetsbild._Svenska_Cypernexpeditionen_-_SMVK-MM-Cypern_-_C00307.tif
C02961.tif|Amathus._Grav_10,_fyndlagret_in_situ._Svenska_Cypernexpeditionen_-_SMVK-MM-Cypern_-_C02961.tif
15895D.tif|Fältritning._Sektion_IV._Profil_mellan_D_och_E._Skala_1-20._Sammansatt_bild_-_SMVK-MM-Cypern_-_15895D.tif
C00923.tif|Kleanthis_kontor._Kalavasos._Svenska_Cypernexpeditionen_-_SMVK-MM-Cypern_-_C00923.tif
C06758.tif|Bilmissöde,_Volvo._Kythrea._Svenska_Cypernexpeditionen_-_SMVK-MM-Cypern_-_C06758.tif
C04912.tif|Grav_2,_interiör._Amathus._Svenska_Cypernexpeditionen_-_SMVK-MM-Cypern_-_C04912.tif
C03914.tif|Skulptur_-_SMVK-MM-Cypern_-_C03914.tif
C03630.tif|Cholades._Rum_XLIII_A,_offergropen_med_pinjikottar_in_situ,_detalj._Soli_-_SMVK-MM-Cypern_-_C03630.tif
C09182.tif|Cypern_utställningen_i_Historiska_Museet_-_SMVK-MM-Cypern_-_C09182.tif
C00490.tif|Sydvästsluttningen._Vouni_Svenska_Cypernexpeditionen_-_SMVK-MM-Cypern_-_C00490.tif
C08669.tif|Kythrea,_grav_1,_keramikgrupp_Svenska_Cypernexpeditionen_-_SMVK-MM-Cypern_-_C08669.tif
C00835.tif|Svenska_institutet._Nicosia._Svenska_Cypernexpeditionen_-_SMVK-MM-Cypern_-_C00835.tif
C02782.tif|Fynd_in_situ_i_grop_H_14-15._Mersinaki._Svenska_Cypernexpeditionen_-_SMVK-MM-Cypern_-_C02782.tif
C01710.tif|Situationsbild._Idalion._Svenska_Cypernexpeditionen_-_SMVK-MM-Cypern_-_C01710.tif
15916D.tif|Grävningstillstånd_för_Svenska_Cypernexpeditionen_gällande_områden_vid_Pera,_Khorio_och_Dali_-_SMVK-MM-Cypern_-_15916D.tif
C05054.tif|Utställning_på_Liljevalchs_Konsthall_1933._L.C._rummet._Stockholm._Svenska_Cypernexpeditionen_-_SMVK-MM-Cypern_-_C05054.tif
C01071.tif|Floden._Nicosia._Svenska_Cypernexpeditionen_-_SMVK-MM-Cypern_-_C01071.tif
C00932.tif|Utsikt_från_gamla_skolan._Lapithos._Svenska_Cypernexpeditionen_-_SMVK-MM-Cypern_-_C00932.tif
C01814.tif|Arbetsbild._Ajia_Irini._Svenska_Cypernexpeditionen_-_SMVK-MM-Cypern_-_C01814.tif
C00239.tif|Teatern._Från_proskenions_framgrävande._Soli_Svenska_Cypernexpeditionen_-_SMVK-MM-Cypern_-_C00239.tif
C01621.tif|Alfred_Westholm_rakar_sig._Vouni._Svenska_Cypernexpeditionen_-_SMVK-MM-Cypern_-_C01621.tif
C00880.tif|Panajiotis._Idalion._Svenska_Cypernexpeditionen_-_SMVK-MM-Cypern_-_C00880.tif
C06765.tif|Grottan_vid_Fylleri._Utsikt._Kythrea._Svenska_Cypernexpeditionen_-_SMVK-MM-Cypern_-_C06765.tif
C01704.tif|Erik_Sjöqvist._Rensning_av_skelett._Ajios_Jakovos._Svenska_Cypernexpeditionen_-_SMVK-MM-Cypern_-_C01704.tif
C01250.tif|Arbetsbild_från_grav_37._Marion._Svenska_Cypernexpeditionen_-_SMVK-MM-Cypern_-_C01250.tif
C06074.tif|Kythrea._Fylleri_från_byn._Svenska_Cypernexpeditionen_-_SMVK-MM-Cypern_-_C06074.tif
C00834.tif|Souidos_och_V.39_hopsatt._Nicosia._Svenska_Cypernexpeditionen_-_SMVK-MM-Cypern_-_C00834.tif
C00873.tif|Avskedsfesten_hos_Panajiotis._Idalion._Svenska_Cypernexpeditionen_-_SMVK-MM-Cypern_-_C00873.tif
C02540.tif|Gunnis_med_No_A.I._1728+1740_Nicosia._Svenska_Cypernexpeditionen_-_SMVK-MM-Cypern_-_C02540.tif
C02210.tif|Centralcisternen_undersöks._Vouni._Svenska_Cypernexpeditionen_-_SMVK-MM-Cypern_-_C02210.tif
C00816.tif|Avfärden._Lapithos._Svenska_Cypernexpeditionen_-_SMVK-MM-Cypern_-_C00816.tif
C06718.tif|Dagen_efter_10-jubileét._Fr.v_-_SMVK-MM-Cypern_-_C06718.tif
C03286.tif|Cementgolvet_läggs_över_cisternen_i_rum_47._Vouni._Svenska_Cypernexpeditionen_-_SMVK-MM-Cypern_-_C03286.tif
C00299.tif|Alfred_Westholm_konserverar_krukor._Nicosia._Svenska_Cypernexpeditionen_-_SMVK-MM-Cypern_-_C00299.tif
C01444.tif|John_Lindros_med_skallarna_från_grav_8._Ajios_Jakovos._Svenska_Cypernexpeditionen_-_SMVK-MM-Cypern_-_C01444.tif
C01806.tif|Helhetsbild._Ajia_Irini._Svenska_Cypernexpeditionen_-_SMVK-MM-Cypern_-_C01806.tif
C05050.tif|Utställning_på_Liljevalchs_Konsthall_1933._Kartan._Stockholm._Svenska_Cypernexpeditionen_-_SMVK-MM-Cypern_-_C05050.tif
C00871.tif|Kultgropar_i_I,_J_4-5_Idalion._Svenska_Cypernexpeditionen_-_SMVK-MM-Cypern_-_C00871.tif
C01034.tif|Alfred_Westholm_utanför_svenska_institutet._Nicosia._Svenska_Cypernexpeditionen_-_SMVK-MM-Cypern_-_C01034.tif
C05968.tif|Lägerbild._Oura_Svenska_Cypernexpeditionen_-_SMVK-MM-Cypern_-_C05968.tif
C08748.tif|Utställning_Före_Fidias_._Graven._Stockholm_Svenska_Cypernexpeditionen_-_SMVK-MM-Cypern_-_C08748.tif
C00852.tif|Fåraherde._Idalion._Svenska_Cypernexpeditionen_-_SMVK-MM-Cypern_-_C00852.tif
C09416.tif|Cypern_utställningen_i_Historiska_Museet_-_SMVK-MM-Cypern_-_C09416.tif
C02539.tif|Papa_Prokopios_klämtar_i_klockan._Ajia_Irini._Svenska_Cypernexpeditionen_-_SMVK-MM-Cypern_-_C02539.tif
C00710.tif|Festgeten_slaktas._Soli._Svenska_Cypernexpeditionen_-_SMVK-MM-Cypern_-_C00710.tif
C02565.tif|Grav_18,_schaktet_uppifrån._Enkomi._Svenska_Cypernexpeditionen_-_SMVK-MM-Cypern_-_C02565.tif
C02973.tif|Grav_2,_dromos_före_öppnandet._Amathus._Svenska_Cypernexpeditionen_-_SMVK-MM-Cypern_-_C02973.tif
C00752.tif|Festgeten_stekes._Galini._Svenska_Cypernexpeditionen_-_SMVK-MM-Cypern_-_C00752.tif
C02409.tif|Vivi_Gjerstad_rider_kamel._Nicosia._Svenska_Cypernexpeditionen_-_SMVK-MM-Cypern_-_C02409.tif
C04115.tif|Reparationsarbeten_i_palatset._Vouni._Svenska_Cypernexpeditionen_-_SMVK-MM-Cypern_-_C04115.tif
15900D.tif|Fältritning._Ajia_Irini._Svenska_Cypernexpeditionen_-_SMVK-MM-Cypern_-_15900D.tif
C06011.tif|Macheras._Livet_på_terrassen_-_SMVK-MM-Cypern_-_C06011.tif
C09751.tif|Prästen_och_Einar_Gjerstad._Mandres._Svenska_Cypernexpeditionen_-_SMVK-MM-Cypern_-_C09751.tif
C00373.tif|Alfred_Westholm_vid_en_dromos._Milia._Svenska_Cypernexpeditionen_-_SMVK-MM-Cypern_-_C00373.tif
C06240.tif|Utställning_på_Liljevalchs_Konsthall_1933._Mersinaki_rummet._Stockholm._Svenska_Cypernexpeditionen_-_SMVK-MM-Cypern_-_C06240.tif
C09758.tif|Bypolis._Svenska_Cypernexpeditionen_-_SMVK-MM-Cypern_-_C09758.tif
C00571.tif|Palatset_efter_regn._Vouni_Svenska_Cypernexpeditionen_-_SMVK-MM-Cypern_-_C00571.tif
15899D.tif|Fältritning._Svenska_Cypernexpeditionen_-_SMVK-MM-Cypern_-_15899D.tif
C00577.tif|Festgeten_slaktas._Vouni_Svenska_Cypernexpeditionen_-_SMVK-MM-Cypern_-_C00577.tif
C02740.tif|Paradisiotissa._Templet_från_nordväst._Vouni._Svenska_Cypernexpeditionen_-_SMVK-MM-Cypern_-_C02740.tif
C02767.tif|Statyanhopning_i_K_17-18_Mersinaki._Svenska_Cypernexpeditionen_-_SMVK-MM-Cypern_-_C02767.tif
C00260.tif|Teatern._Stora_profilen_börjas_på_Terr_III._Soli._Svenska_Cypernexpeditionen_-_SMVK-MM-Cypern_-_C00260.tif
C06802.tif|Lazaros._Mersinaki._Svenska_Cypernexpeditionen_-_SMVK-MM-Cypern_-_C06802.tif
C04893.tif|Souidos_med_lagad_staty._Stockholm_Svenska_Cypernexpeditionen_-_SMVK-MM-Cypern_-_C04893.tif
C00204.tif|Bysantinska_murar._Soli_Svenska_Cypernexpeditionen_-_SMVK-MM-Cypern_-_C00204.tif
C01253.tif|Grav_34,_interiör,_sarkofag._Marion._Svenska_Cypernexpeditionen_-_SMVK-MM-Cypern_-_C01253.tif
C00703.tif|Teatern,_östra_ingången._Alfred_Westholm_Soli._Svenska_Cypernexpeditionen_-_SMVK-MM-Cypern_-_C00703.tif
15907D.tif|Fältritning._Ajia_Irini._Svenska_Cypernexpeditionen_-_SMVK-MM-Cypern_-_15907D.tif
C00578.tif|Badstranden._Vouni_Svenska_Cypernexpeditionen_-_SMVK-MM-Cypern_-_C00578.tif
C01326.tif|Grav_69,_från_dromos._Marion._Svenska_Cypernexpeditionen_-_SMVK-MM-Cypern_-_C01326.tif
C00419.tif|Christoforos_Kafenion._Erik_Sjöqvist_och_John_Lindros_i_bakgrunden._Rosa_Lindros_t.v_-_SMVK-MM-Cypern_-_C00419.tif
C00865.tif|Murar_i_L_8._Idalion._Svenska_Cypernexpeditionen_-_SMVK-MM-Cypern_-_C00865.tif
C06223.tif|Skrivbordsröra._Stockholm._Svenska_Cypernexpeditionen_-_SMVK-MM-Cypern_-_C06223.tif
C01264.tif|Marion._Arbetsbild._Svenska_Cypernexpeditionen_-_SMVK-MM-Cypern_-_C01264.tif
C00927.tif|Lapithos,_grävningsplatsen,_Anastasia._Svenska_Cypernexpeditionen_-_SMVK-MM-Cypern_-_C00927.tif
C02241.tif|J.A.S._Utgrävningsområdet_från_väster._Ajios_Jakovos._Svenska_Cypernexpeditionen_-_SMVK-MM-Cypern_-_C02241.tif
C00486.tif|Marion._Översiktsbild_av_Gunnis_grävning._Svenska_Cypernexpeditionen_-_SMVK-MM-Cypern_-_C00486.tif
C02561.tif|Grav_18,_sidokammaren_interiör._Enkomi._Svenska_Cypernexpeditionen_-_SMVK-MM-Cypern_-_C02561.tif
C01343.tif|Einar_Gjerstad_på_besök,_Erik_Sjöqvist._Marion._Svenska_Cypernexpeditionen_-_SMVK-MM-Cypern_-_C01343.tif
C01308.tif|Grav_53,_interiör._Marion._Svenska_Cypernexpeditionen_-_SMVK-MM-Cypern_-_C01308.tif
C00919.tif|Julafton_1927,_julklappsutdelning_Nicosia_Svenska_Cypernexpeditionen_-_SMVK-MM-Cypern_-_C00919.tif
C00918.tif|Maskeraden._Nicosia_Svenska_Cypernexpeditionen_-_SMVK-MM-Cypern_-_C00918.tif
C03278.tif|Utsikt_mot_Petra_Tou_Limniti_från_palatset._Vouni._Svenska_Cypernexpeditionen_-_SMVK-MM-Cypern_-_C03278.tif
15910D.tif|Fältritning._Ajia_Irini._Svenska_Cypernexpeditionen_-_SMVK-MM-Cypern_-_15910D.tif
C00779.tif|Polisen._Oura._Svenska_Cypernexpeditionen_-_SMVK-MM-Cypern_-_C00779.tif
C06009.tif|Livet_på_terrassen,_Alfred_Westholm_stoppar_strumpor._Macheras._Svenska_Cypernexpeditionen_-_SMVK-MM-Cypern_-_C06009.tif
C06083.tif|Vouni._Centralgården._Svenska_Cypernexpeditionen_-_SMVK-MM-Cypern_-_C06083.tif
C01380.tif|Norra_omfattningsmuren_från_väster._Nitovikla_Svenska_Cypernexpeditionen_-_SMVK-MM-Cypern_-_C01380.tif
C00711.tif|Festgeten_stekes._Soli._Svenska_Cypernexpeditionen_-_SMVK-MM-Cypern_-_C00711.tif
C00962.tif|Grav_702,_interiör_med_fynd_in_situ._Lapithos._Svenska_Cypernexpeditionen_-_SMVK-MM-Cypern_-_C00962.tif
C04908.tif|Grav_2,_interiör._Amathus._Svenska_Cypernexpeditionen_-_SMVK-MM-Cypern_-_C04908.tif
C01802.tif|Helhetsbild_med_altaret._Ajia_Irini._Svenska_Cypernexpeditionen_-_SMVK-MM-Cypern_-_C01802.tif
C08569.tif|Mobilisering._Erik_Sjöqvist_och_Alfred_Westholm._Stockholm_Svenska_Cypernexpeditionen_-_SMVK-MM-Cypern_-_C08569.tif
C06081.tif|Centralgården_från_öster._Vouni._Svenska_Cypernexpeditionen_-_SMVK-MM-Cypern_-_C06081.tif
C06760.tif|Grottan_vid_Fylleri._Kythrea._Svenska_Cypernexpeditionen_-_SMVK-MM-Cypern_-_C06760.tif
C05414.tif|Delar_till_brynja_-_SMVK-MM-Cypern_-_C05414.tif
C00724.tif|Teatern_mot_öster._Soli._Svenska_Cypernexpeditionen_-_SMVK-MM-Cypern_-_C00724.tif
C02263.tif|John_Lidros_filmar._Kition._Svenska_Cypernexpeditionen_-_SMVK-MM-Cypern_-_C02263.tif
C00483.tif|Teatern,_fest_på_orkestran._Soli_Svenska_Cypernexpeditionen_-_SMVK-MM-Cypern_-_C00483.tif
C06278.tif|Larnaca._Perides_tänder_en_lampa_Kition._Svenska_Cypernexpeditionen_-_SMVK-MM-Cypern_-_C06278.tif
C06497.tif|Palatsmodellen_från_nordväst._Vouni._Svenska_Cypernexpeditionen_-_SMVK-MM-Cypern_-_C06497.tif
C01345.tif|Grav_67,_skelett_in_situ._Marion._Svenska_Cypernexpeditionen_-_SMVK-MM-Cypern_-_C01345.tif
C00651.tif|Interiör_från_huset._Vouni_Svenska_Cypernexpeditionen_-_SMVK-MM-Cypern_-_C00651.tif
C00220.tif|Teatern._Arbete_vid_substruktionsmurarna_till_östra_eisodos._Soli_Svenska_Cypernexpeditionen_-_SMVK-MM-Cypern_-_C00220.tif
C01369.tif|Fortet_från_nordväst._Nitovikla_Svenska_Cypernexpeditionen_-_SMVK-MM-Cypern_-_C01369.tif
C03205.tif|Bekkallouris,_Kleanthis_och_Dragos._Soli._Svenska_Cypernexpeditionen_-_SMVK-MM-Cypern_-_C03205.tif
C01210.tif|Grav_30,_fynd_in_situ._Marion._Svenska_Cypernexpeditionen_-_SMVK-MM-Cypern_-_C01210.tif
C02198.tif|Loures._Trench_1,_cementgolv_med_kolonnbas_in_situ._Vouni._Svenska_Cypernexpeditionen_-_SMVK-MM-Cypern_-_C02198.tif
C00754.tif|Muktarens_praktrum._Milia._Svenska_Cypernexpeditionen_-_SMVK-MM-Cypern_-_C00754.tif
C05771.tif|Alfred_Westholm._Stockholm._Svenska_Cypernexpeditionen_-_SMVK-MM-Cypern_-_C05771.tif
C00471.tif|Teatern,_no._56_in_situ._Soli_Svenska_Cypernexpeditionen_-_SMVK-MM-Cypern_-_C00471.tif
C05985.tif|Bad_i_cisternen._Alfred_Westholm,_Erik_Sjöqvist_m.fl._Macheras._Svenska_Cypernexpeditionen_Fråga_-_SMVK-MM-Cypern_-_C05985.tif
C01588.tif|Teatern,_före_utgrävningen._Soli_Svenska_Cypernexpeditionen_-_SMVK-MM-Cypern_-_C01588.tif
C06681.tif|Grav_12,_planritning._Milia._Svenska_Cypernexpeditionen_-_SMVK-MM-Cypern_-_C06681.tif
C00997.tif|Svenska_institutet._Nicosia._Svenska_Cypernexpeditionen_-_SMVK-MM-Cypern_-_C00997.tif
C00925.tif|Måltid_hos_Demitri._Lapithos._Svenska_Cypernexpeditionen_-_SMVK-MM-Cypern_-_C00925.tif
C00813.tif|Lapitos._Grävningsplatsen_i_Ajia_Anastasia._Svenska_Cypernexpeditionen_-_SMVK-MM-Cypern_-_C00813.tif
15897D.tif|Fältritning._Sektion_VI._Profil_mellan_Z_och_H._Skala_1-20._Sammansatt_bild_-_SMVK-MM-Cypern_-_15897D.tif
C05067.tif|Utställning_på_Liljevalchs_Konsthall_1933._Ritningar._Stockholm._Svenska_Cypernexpeditionen_-_SMVK-MM-Cypern_-_C05067.tif
C01145.tif|Kameler_på_Nicosiavägen._Marion._Svenska_Cypernexpeditionen_-_SMVK-MM-Cypern_-_C01145.tif
C00015.tif|Erik_Sjöqvist_i_grav_306._Lapithos._Svenska_Cypernexpeditionen_-_SMVK-MM-Cypern_-_C00015.tif
C05407.tif|Alfred_Westholm._Stockholm._Svenska_Cypernexpeditionen_-_SMVK-MM-Cypern_-_C05407.tif
C06420.tif|Skulptur,_kalksten_Svenska_Cypernexpeditionen_-_SMVK-MM-Cypern_-_C06420.tif
C01590.tif|Packning_på_muktarens_gård._Milia._Svenska_Cypernexpeditionen_-_SMVK-MM-Cypern_-_C01590.tif
C02290.tif|Grav_19,_fynd_in_situ._Amathus_Svenska_Cypernexpeditionen_-_SMVK-MM-Cypern_-_C02290.tif
C01202.tif|Grav_16,_dromos._Marion._Svenska_Cypernexpeditionen_-_SMVK-MM-Cypern_-_C01202.tif
C05768.tif|Einar_Gjerstad._Stockholm._Svenska_Cypernexpeditionen_-_SMVK-MM-Cypern_-_C05768.tif
15902D.tif|Fältritning._Ajia_Irini._Svenska_Cypernexpeditionen_-_SMVK-MM-Cypern_-_15902D.tif
C01711.tif|Kition,_Bamboula_fr_S._Svenska_Cypernexpeditionen_-_SMVK-MM-Cypern_-_C01711.tif
C01045.tif|Einar_Gjerstad,_guldlådan_sänds_till_Sverige._Nicosia._Svenska_Cypernexpeditionen_-_SMVK-MM-Cypern_-_C01045.tif
C03198.tif|Amathus._Grav_8,_övre_lagret._Svenska_Cypernexpeditionen_-_SMVK-MM-Cypern_-_C03198.tif
C09179.tif|Doktor_Schwabacher._Stockholm_Svenska_Cypernexpeditionen_-_SMVK-MM-Cypern_-_C09179.tif
C04849.tif|Volvo,_reklambild._Bil_och_kameler._Svenska_Cypernexpeditionen_-_SMVK-MM-Cypern_-_C04849.tif
C08275.tif|V._17_i_kontorsfönstret._Stockholm_Svenska_Cypernexpeditionen_-_SMVK-MM-Cypern_-_C08275.tif
C00720.tif|Pezoullia,_provschakt_2._Soli._Svenska_Cypernexpeditionen_-_SMVK-MM-Cypern_-_C00720.tif
C02533.tif|Altaret_i_senarkaiskt_skick_från_nordöst._Ajia_Irini._Svenska_Cypernexpeditionen_-_SMVK-MM-Cypern_-_C02533.tif
C08755.tif|Utställning_Före_Fidias_._Tempelfasaden._Stockholm_Svenska_Cypernexpeditionen_-_SMVK-MM-Cypern_-_C08755.tif
C00642.tif|Stefan_Gjerstad_utanför_huset._Vouni_Svenska_Cypernexpeditionen_-_SMVK-MM-Cypern_-_C00642.tif
C01102.tif|Erik_Lindros,_svenska_institutet._Nicosia._Svenska_Cypernexpeditionen_-_SMVK-MM-Cypern_-_C01102.tif
C06082.tif|Palatset_från_väster._Vouni._Svenska_Cypernexpeditionen_-_SMVK-MM-Cypern_-_C06082.tif
C02790.tif|Utsikt_mot_Vouni_från_tältet_Mersinaki._Svenska_Cypernexpeditionen_-_SMVK-MM-Cypern_-_C02790.tif
C08218.tif|Kameler._Oura._Svenska_Cypernexpeditionen_-_SMVK-MM-Cypern_-_C08218.tif
C00182.tif|Erik_Sjöqvist,_Nicosia_Svenska_Cypernexpeditionen_-_SMVK-MM-Cypern_-_C00182.tif
C02192.tif|John_Lindros_fotograferar._Vouni._Svenska_Cypernexpeditionen_-_SMVK-MM-Cypern_-_C02192.tif
C00815.tif|Avfärden._Lapithos._Svenska_Cypernexpeditionen_-_SMVK-MM-Cypern_-_C00815.tif
C01163.tif|Marion._T._5,_interiör_Svenska_Cypernexpeditionen_-_SMVK-MM-Cypern_-_C01163.tif
C00878.tif|Osman_med_hacka._Idalion._Svenska_Cypernexpeditionen_-_SMVK-MM-Cypern_-_C00878.tif
C00793.tif|Plakes,_arbetsbild._Lapithos._Svenska_Cypernexpeditionen_-_SMVK-MM-Cypern_-_C00793.tif
C02480 a-b.tif|Sammansättningsbild._Temenos_från_sydöst._Ajia_Irini._Svenska_Cypernexpeditionen_-_SMVK-MM-Cypern_-_C02480_a-b.tif
C06267.tif|Ett_tåg_kommer_lastat._Famagusta._Svenska_Cypernexpeditionen_-_SMVK-MM-Cypern_-_C06267.tif
C01552.tif|Rum_93,_under_utgrävning,_mot_nordväst._Vouni._Svenska_Cypernexpeditionen_-_SMVK-MM-Cypern_-_C01552.tif
C06273.tif|Lapithos._Från_byn._Svenska_Cypernexpeditionen_-_SMVK-MM-Cypern_-_C06273.tif
C00993.tif|Martin_och_Stefan_Gjerstad._Nicosia._Svenska_Cypernexpeditionen_-_SMVK-MM-Cypern_-_C00993.tif
C02310.tif|Grav_11,_fyndlagret_från_norr._Amathus_Svenska_Cypernexpeditionen_-_SMVK-MM-Cypern_-_C02310.tif
C00200.tif|Teatern,_Evagoras_i_östra_parados._Soli_Svenska_Cypernexpeditionen_-_SMVK-MM-Cypern_-_C00200.tif
C00510.tif|Frukost._Vouni_Svenska_Cypernexpeditionen_-_SMVK-MM-Cypern_-_C00510.tif
C06073.tif|Kythrea._Fylleri,_bergsryggen_med_grottöppningen._Svenska_Cypernexpeditionen_-_SMVK-MM-Cypern_-_C06073.tif
C06072.tif|Mynningen_av_grotta_i_Fylleri._Kythrea._Svenska_Cypernexpeditionen_-_SMVK-MM-Cypern_-_C06072.tif
C00905.tif|John_Lindros_vid_ritbordet._Nicosia_Svenska_Cypernexpeditionen_-_SMVK-MM-Cypern_-_C00905.tif
C09627.tif|Cypernsamlingen,_magasin._Stockholm_Svenska_Cypernexpeditionen_-_SMVK-MM-Cypern_-_C09627.tif
Csn148.tif|_-_SMVK-MM-Cypern_-_Csn148.tif
C02354.tif|Från_havet._Petra_Tou_Limniti_Svenska_Cypernexpeditionen_-_SMVK-MM-Cypern_-_C02354.tif
C02541.tif|Musik_utanför_Svenska_Institutet._Nicosia._Erik_Sjöqvist_och_Alfred_Westholm_-_SMVK-MM-Cypern_-_C02541.tif
C05055.tif|Utställning_på_Liljevalchs_Konsthall_-_SMVK-MM-Cypern_-_C05055.tif
C00325.tif|Lapithos,_No._406-65._Svenska_Cypernexpeditionen_-_SMVK-MM-Cypern_-_C00325.tif
C02763.tif|Expeditionen_1930._Fr.v._John_Lindros,_Alfred_Westholm,_Erik_Sjöqvist_och_Einar_Gjerstad._Mersinaki_-_SMVK-MM-Cypern_-_C02763.tif
C02554.tif|Marion._Gunnis'_grävning,_detalj._Svenska_Cypernexpeditionen_-_SMVK-MM-Cypern_-_C02554.tif
C01312.tif|Grav_53,_arbetsbild._Marion._Svenska_Cypernexpeditionen_-_SMVK-MM-Cypern_-_C01312.tif
C02449.tif|Ajia_Irini._Altare_50,_temenosmur,_trådinhägnad_från_norr._Svenska_Cypernexpeditionen_-_SMVK-MM-Cypern_-_C02449.tif
C00417.tif|Kafenion_Kalavasos._Svenska_Cypernexpeditionen_-_SMVK-MM-Cypern_-_C00417.tif
C01774.tif|Kition._Herakles_med_altare,_fr._N._Svenska_Cypernexpeditionen_-_SMVK-MM-Cypern_-_C01774.tif
C00823.tif|Lapithos,_gatubild._Svenska_Cypernexpeditionen_-_SMVK-MM-Cypern_-_C00823.tif
C01135.tif|Torgplatsen._Nicosia._Svenska_Cypernexpeditionen_-_SMVK-MM-Cypern_-_C01135.tif
C01766.tif|Kultrummet_utgrävt_från_norr._Kition._Svenska_Cypernexpeditionen_-_SMVK-MM-Cypern_-_C01766.tif
C01081.tif|Panajiotis_hus,_interiör._Idalion._Svenska_Cypernexpeditionen_-_SMVK-MM-Cypern_-_C01081.tif
C03195.tif|G._Jeffery._Vouni._Svenska_Cypernexpeditionen_-_SMVK-MM-Cypern_-_C03195.tif
C03535.tif|Grävningsplatsen._Stylli._Svenska_Cypernexpeditionen_-_SMVK-MM-Cypern_-_C03535.tif
C02355.tif|Från_väster._Petra_Tou_Limniti_Svenska_Cypernexpeditionen_-_SMVK-MM-Cypern_-_C02355.tif
C01148.tif|Marion._T77-98._Första_gravfältet_vid_Sikarka-Kokkina._Svenska_Cypernexpeditionen_-_SMVK-MM-Cypern_-_C01148.tif
C02975.tif|Amathus._Grav_16,_romerskt_skelett._Svenska_Cypernexpeditionen_-_SMVK-MM-Cypern_-_C02975.tif
C02785.tif|Så_här_urskiljs_en_grop_från_den_naturliga_sanden._Mersinaki._Svenska_Cypernexpeditionen_-_SMVK-MM-Cypern_-_C02785.tif
C00859.tif|Sågning_i_tegelmuren_L8._Idalion._Svenska_Cypernexpeditionen_-_SMVK-MM-Cypern_-_C00859.tif
C00148.tif|No_409-94._Landskapsbild_Svenska_Cypernexpeditionen_-_SMVK-MM-Cypern_-_C00148.tif
C01664.tif|Rum_129,_statyanhopning._Vouni._Svenska_Cypernexpeditionen_-_SMVK-MM-Cypern_-_C01664.tif
C03528.tif|Grav_19,_interiör._Stylli._Svenska_Cypernexpeditionen_-_SMVK-MM-Cypern_-_C03528.tif
C09763.tif|Kastning_av_säd._Kerynia_Svenska_Cypernexpeditionen_-_SMVK-MM-Cypern_-_C09763.tif
C02459.tif|Nordmuren_från_väster._Ajia_Irini._Svenska_Cypernexpeditionen_-_SMVK-MM-Cypern_-_C02459.tif
C04881.tif|Souidos_och_Johansson._Stockholm_Svenska_Cypernexpeditionen_-_SMVK-MM-Cypern_-_C04881.tif
C00504.tif|Tälten._Vouni_Svenska_Cypernexpeditionen_-_SMVK-MM-Cypern_-_C00504.tif
C03605.tif|Akropolen_från_nordväst._Soli._Svenska_Cypernexpeditionen_-_SMVK-MM-Cypern_-_C03605.tif
C01538.tif|Praxou_lastar_en_vagn._Vouni._Svenska_Cypernexpeditionen_-_SMVK-MM-Cypern_-_C01538.tif
C00740.tif|Arbetsbild._Vouni._Svenska_Cypernexpeditionen_-_SMVK-MM-Cypern_-_C00740.tif
C01438.tif|Einar_Gjerstad_hissas_ned_i_brunnen._Vouni._Svenska_Cypernexpeditionen_-_SMVK-MM-Cypern_-_C01438.tif
C05061.tif|Utställning_på_Liljevalchs_Konsthall_1933._Vouni_rummet._Stockholm._Svenska_Cypernexpeditionen_-_SMVK-MM-Cypern_-_C05061.tif
C00877.tif|Avskedsfesten_hos_Panajiotis,_måltiden._Idalion._Svenska_Cypernexpeditionen_-_SMVK-MM-Cypern_-_C00877.tif
C01650.tif|Arbetare_från_Tillyria._Vouni._Svenska_Cypernexpeditionen_-_SMVK-MM-Cypern_-_C01650.tif
C06648.tif|Cypernmuseet,_huvudentrén_Stockholm._Svenska_Cypernexpeditionen_-_SMVK-MM-Cypern_-_C06648.tif
C01246.tif|Marion._Arbetsbild._Svenska_Cypernexpeditionen_-_SMVK-MM-Cypern_-_C01246.tif
C02361.tif|Avlöning._Vouni._Svenska_Cypernexpeditionen_-_SMVK-MM-Cypern_-_C02361.tif
C01185.tif|Cholades_före_utgrävningen._Soli._Svenska_Cypernexpeditionen_-_SMVK-MM-Cypern_-_C01185.tif
C05059.tif|Utställning_på_Liljevalchs_Konsthall_-_SMVK-MM-Cypern_-_C05059.tif
C01010.tif|Cypernexpeditionen._Fr.v._John_Lindros,_Alfred_Westholm,_Erik_Sjöqvist_och_Einar_Gjerstad._Nicosia_-_SMVK-MM-Cypern_-_C01010.tif
C06241.tif|Utställning_på_Liljevalchs_Konsthall_1933._Mersinaki_rummet._Stockholm._Svenska_Cypernexpeditionen_-_SMVK-MM-Cypern_-_C06241.tif
C00784.tif|Grav_1,_relief._Trachonas._Svenska_Cypernexpeditionen_-_SMVK-MM-Cypern_-_C00784.tif
C02264.tif|John_Lidros_filmar._Kition._Svenska_Cypernexpeditionen_-_SMVK-MM-Cypern_-_C02264.tif
C06751.tif|Michalis_vid_Charoupiaträdet._Vouni._Svenska_Cypernexpeditionen_-_SMVK-MM-Cypern_-_C06751.tif
C00780.tif|Trachonas,_T.1_interiör_Svenska_Cypernexpeditionen_-_SMVK-MM-Cypern_-_C00780.tif
C02297.tif|Amathus._Grav_18_efter_utgrävningen._Svenska_Cypernexpeditionen_-_SMVK-MM-Cypern_-_C02297.tif
C01719.tif|Kition._Kultrummet,_statyer_in_situ._Svenska_Cypernexpeditionen_-_SMVK-MM-Cypern_-_C01719.tif
C01427.tif|Grav_2,_exteriör._Kountoura_Trachonia._Svenska_Cypernexpeditionen_-_SMVK-MM-Cypern_-_C01427.tif
C01445.tif|Erik_Sjöqvist_vid_det_sönderblåsta_tältet._Ajios_Jakovos._Svenska_Cypernexpeditionen_-_SMVK-MM-Cypern_-_C01445.tif
C01342.tif|Vattumannen_Hassan._Marion._Svenska_Cypernexpeditionen_-_SMVK-MM-Cypern_-_C01342.tif
C01794.tif|Ruta_L_11._Ajia_Irini._Svenska_Cypernexpeditionen_-_SMVK-MM-Cypern_-_C01794.tif
C01051.tif|Kvinna_med_antikvitet._Karpassos._Svenska_Cypernexpeditionen_-_SMVK-MM-Cypern_-_C01051.tif
C00482.tif|Teatern,_dans_på_orkestran._Soli_Svenska_Cypernexpeditionen_-_SMVK-MM-Cypern_-_C00482.tif
C08915.tif|Krukmakargården,_trampning_av_lera._Klirou._Svenska_Cypernexpeditionen_-_SMVK-MM-Cypern_-_C08915.tif
C01138.tif|Grav_4,_dromos._Marion._Svenska_Cypernexpeditionen_-_SMVK-MM-Cypern_-_C01138.tif
C00737.tif|Från_husbygget._Vouni._Svenska_Cypernexpeditionen_-_SMVK-MM-Cypern_-_C00737.tif
C06242.tif|Utställning_på_Liljevalchs_Konsthall_1933._Utställningsvy._Stockholm._Svenska_Cypernexpeditionen_-_SMVK-MM-Cypern_-_C06242.tif
C00384.tif|Einar_Gjerstad._Nicosia_Svenska_Cypernexpeditionen_-_SMVK-MM-Cypern_-_C00384.tif
C01247.tif|Erik_Sjöqvist_i_en_grav._Marion._Svenska_Cypernexpeditionen_-_SMVK-MM-Cypern_-_C01247.tif
C01025.tif|Svenska_institutet,_snö._Volvo._Nicosia._Svenska_Cypernexpeditionen_-_SMVK-MM-Cypern_-_C01025.tif
C00411.tif|Grav_317,_dromos._Lapithos._Svenska_Cypernexpeditionen_-_SMVK-MM-Cypern_-_C00411.tif
C07184.tif|Ragnhild_skriver_uppsats._Stockholm._Svenska_Cypernexpeditionen_-_SMVK-MM-Cypern_-_C07184.tif
C00576.tif|Badstranden,_John_Lindros._Vouni_Svenska_Cypernexpeditionen_-_SMVK-MM-Cypern_-_C00576.tif
C00174.tif|Grav_311_A,_gravfynd._Lapithos._Svenska_Cypernexpeditionen_-_SMVK-MM-Cypern_-_C00174.tif
C02288.tif|Grav_11,_fyndlagret_in_situ._Amathus_Svenska_Cypernexpeditionen_-_SMVK-MM-Cypern_-_C02288.tif
C00849.tif|Erik_Sjöqvist_vid_västmuren._Idalion._Svenska_Cypernexpeditionen_-_SMVK-MM-Cypern_-_C00849.tif
15908D.tif|Fältritning._Ajia_Irini._Svenska_Cypernexpeditionen_-_SMVK-MM-Cypern_-_15908D.tif
C01439.tif|Slutfesten._Vouni._Svenska_Cypernexpeditionen_-_SMVK-MM-Cypern_-_C01439.tif
C02764.tif|Jordprofil._Mersinaki._Svenska_Cypernexpeditionen_-_SMVK-MM-Cypern_-_C02764.tif
C00622.tif|Grav_8,_interiör._Vouni_Svenska_Cypernexpeditionen_-_SMVK-MM-Cypern_-_C00622.tif
C01116.tif|Gruppbild_av_Milia-_familj._Milia._Svenska_Cypernexpeditionen_-_SMVK-MM-Cypern_-_C01116.tif
C06233.tif|Bror_Millberg._Stockholm._Svenska_Cypernexpeditionen_-_SMVK-MM-Cypern_-_C06233.tif
Csn153.tif|Rosa_Lindros_t.v._och_Erik_Sjöqvist_t.h_-_SMVK-MM-Cypern_-_Csn153.tif
C00757.tif|Kameler_lastas_med_keramiklådor._Milia._Svenska_Cypernexpeditionen_-_SMVK-MM-Cypern_-_C00757.tif
C05973.tif|Rummet_som_John_Lindros_och_Erik_Sjöqvist_använde_vid_H.K.H._´s_besök_-_SMVK-MM-Cypern_-_C05973.tif
C06293.tif|Mätning._Nitovikla._Svenska_Cypernexpeditionen_-_SMVK-MM-Cypern_-_C06293.tif
C02419.tif|L.C._III_huset,_arbetsbild._Ajia_Irini._Svenska_Cypernexpeditionen_-_SMVK-MM-Cypern_-_C02419.tif
C00882.tif|Avskedsfesten_hos_Panajiotis._Idalion._Svenska_Cypernexpeditionen_-_SMVK-MM-Cypern_-_C00882.tif
C01606.tif|Erik_Sjöqvist,_Vivi_Gjerstad_?_och_John_Lindros._God_mat._Boghy._Svenska_Cypernexpeditionen_-_SMVK-MM-Cypern_-_C01606.tif
15903D.tif|Fältritning._Ajia_Irini._Svenska_Cypernexpeditionen_-_SMVK-MM-Cypern_-_15903D.tif
C01404.tif|Kultplatsen_under_grav_1_från_öster._Paleoskoutella._Svenska_Cypernexpeditionen_-_SMVK-MM-Cypern_-_C01404.tif
C03643.tif|Cholades.Cisternerna_169_och_170_från_söder._Soli._Svenska_Cypernexpeditionen_-_SMVK-MM-Cypern_-_C03643.tif
C01622.tif|Alfred_Westholm_och_geten_Filoxenos_II._Vouni._Svenska_Cypernexpeditionen_-_SMVK-MM-Cypern_-_C01622.tif
C00467.tif|Monasteraki,_kolonn_med_kapitäl_in_situ._Soli_Svenska_Cypernexpeditionen_-_SMVK-MM-Cypern_-_C00467.tif
C00850.tif|Arbetarna_äter_frukost._Idalion._Svenska_Cypernexpeditionen_-_SMVK-MM-Cypern_-_C00850.tif
C00762.tif|Koundouras_gör_kleftika._Soli._Svenska_Cypernexpeditionen_-_SMVK-MM-Cypern_-_C00762.tif
C05056.tif|Utställning_på_Liljevalchs_Konsthall_-_SMVK-MM-Cypern_-_C05056.tif
C01134.tif|Torgplatsen._Nicosia._Svenska_Cypernexpeditionen_-_SMVK-MM-Cypern_-_C01134.tif
C02257.tif|Rum_11._Kition._Svenska_Cypernexpeditionen_-_SMVK-MM-Cypern_-_C02257.tif
C00485.tif|Volvo_Svenska_Cypernexpeditionen_-_SMVK-MM-Cypern_-_C00485.tif
C01639.tif|Från_väster._Vouni._Svenska_Cypernexpeditionen_-_SMVK-MM-Cypern_-_C01639.tif
C00965.tif|Lapithos,_grävningsplatsen._Ajia_Anastasia._Svenska_Cypernexpeditionen_-_SMVK-MM-Cypern_-_C00965.tif
C01762.tif|Romersk_vattenränna,_plan._Kition._Svenska_Cypernexpeditionen_-_SMVK-MM-Cypern_-_C01762.tif
C03645.tif|Cholades._Rum_X,_väggmålning._Soli._Svenska_Cypernexpeditionen_-_SMVK-MM-Cypern_-_C03645.tif
C06818.tif|Prästen_och_hans_familj._Mandres._Svenska_Cypernexpeditionen_-_SMVK-MM-Cypern_-_C06818.tif
C02289.tif|Grav_19,_fynd_in_situ._Amathus_Svenska_Cypernexpeditionen_-_SMVK-MM-Cypern_-_C02289.tif
C00326.tif|_-_SMVK-MM-Cypern_-_C00326.tif
C09605.tif|Cypernsamlingen,_julsnö._Stockholm_Svenska_Cypernexpeditionen_-_SMVK-MM-Cypern_-_C09605.tif
C08993.tif|Kalas_i_gamla_tider._Stockholm_Svenska_Cypernexpeditionen_-_SMVK-MM-Cypern_-_C08993.tif
Csn002.tif|Kronprins_Gustav_Adolf?_går_i_graven._Stylli._Svenska_Cypernexpeditionen_-_SMVK-MM-Cypern_-_Csn002.tif
C02432.tif|Kultträdet_och_källan._Syrianochori._Svenska_Cypernexpeditionen_-_SMVK-MM-Cypern_-_C02432.tif
C00729.tif|Rum_59._Guldskatten,_no,_292_in_situ.Vouni._Svenska_Cypernexpeditionen_-_SMVK-MM-Cypern_-_C00729.tif
C06275.tif|Lapithos._Utsikt_mot_öster._Svenska_Cypernexpeditionen_-_SMVK-MM-Cypern_-_C06275.tif
C06084.tif|Vouni._Palatset_från_söder._Svenska_Cypernexpeditionen_-_SMVK-MM-Cypern_-_C06084.tif
C00705.tif|Teatern,_orkestran_och_cavean._Alfred_Westholm._Soli._Svenska_Cypernexpeditionen_-_SMVK-MM-Cypern_-_C00705.tif
C00572.tif|Mavro_Keratas._Vouni_Svenska_Cypernexpeditionen_-_SMVK-MM-Cypern_-_C00572.tif
C02090.tif|Grav_53,_arbetsbild._Marion._Svenska_Cypernexpeditionen_-_SMVK-MM-Cypern_-_C02090.tif
C01436.tif|John_Lindros_vid_stora_kartan._Vouni._Svenska_Cypernexpeditionen_-_SMVK-MM-Cypern_-_C01436.tif
C06239.tif|Utställning_på_Liljevalchs_Konsthall_1933._Ajia_Irini_rummet._Stockholm._Svenska_Cypernexpeditionen_-_SMVK-MM-Cypern_-_C06239.tif
C01700.tif|Saptiena_utanför_sitt_tält._Vouni._Svenska_Cypernexpeditionen_-_SMVK-MM-Cypern_-_C01700.tif
C09181.tif|Cypern_utställningen_i_Historiska_Museet_-_SMVK-MM-Cypern_-_C09181.tif
C02353.tif|Arbetsbild._Petra_Tou_Limniti_Svenska_Cypernexpeditionen_-_SMVK-MM-Cypern_-_C02353.tif
C00936.tif|Lapitos,_fr_S._Från_bergen_mot_havet._Svenska_Cypernexpeditionen_-_SMVK-MM-Cypern_-_C00936.tif
C00412.tif|Grav_317,_interiör._Lapithos._Svenska_Cypernexpeditionen_-_SMVK-MM-Cypern_-_C00412.tif
C02237.tif|Karavanen_med_kameler_drar_förbi._Ajios_Jakovos._Svenska_Cypernexpeditionen_-_SMVK-MM-Cypern_-_C02237.tif
C04884.tif|Fröken_Sjöquist._Stockholm_Svenska_Cypernexpeditionen_-_SMVK-MM-Cypern_-_C04884.tif
C03655.tif|Cholades._Rum_V_från_väster._Soli._Svenska_Cypernexpeditionen_-_SMVK-MM-Cypern_-_C03655.tif
C00509.tif|Kristos,_Westholm_och_Lazaros._Vouni_Svenska_Cypernexpeditionen_-_SMVK-MM-Cypern_-_C00509.tif
C06764.tif|Grottan_vid_Fylleri._Joan_du_Plat_Taylor_avväger_i_grottan._Kythrea._Svenska_Cypernexpeditionen_-_SMVK-MM-Cypern_-_C06764.tif
C06763.tif|Grottan_vid_Fylleri._Joan_du_Plat_Taylor_klättrar_upp_till_grottan._Kythrea_-_SMVK-MM-Cypern_-_C06763.tif
C01758.tif|Jordprofil_i_Bamboulans_östra_del._Kition._Svenska_Cypernexpeditionen_-_SMVK-MM-Cypern_-_C01758.tif
C00756.tif|Krogbild._Ajios_Jakovos_Svenska_Cypernexpeditionen_-_SMVK-MM-Cypern_-_C00756.tif
C01756.tif|Kition._Jordprofil_vid_Postament_2._Svenska_Cypernexpeditionen_-_SMVK-MM-Cypern_-_C01756.tif
C01262.tif|Grav_25,_interiör._Marion._Svenska_Cypernexpeditionen_-_SMVK-MM-Cypern_-_C01262.tif
C00778.tif|Arbetsbild._Oura._Svenska_Cypernexpeditionen_-_SMVK-MM-Cypern_-_C00778.tif
C01031.tif|Svenska_institutet,_vid_brasan._Nicosia._Svenska_Cypernexpeditionen_-_SMVK-MM-Cypern_-_C01031.tif
C09622.tif|Cypernsamlingen,_östra_flygeln,_Östra_stallet_,_från_ett_tjänsterum_-_SMVK-MM-Cypern_-_C09622.tif
C00781.tif|Trachonas,_T.1_dromos_Svenska_Cypernexpeditionen_-_SMVK-MM-Cypern_-_C00781.tif
C01670.tif|Fru_Markides_och_Dikaios_på_besök._Vouni._Svenska_Cypernexpeditionen_-_SMVK-MM-Cypern_-_C01670.tif
C08290.tif|Alfred_Westholm_och_Knut_Thyberg._Vouni._Svenska_Cypernexpeditionen_-_SMVK-MM-Cypern_-_C08290.tif
C06218.tif|Utsikt_från_Aletri_mot_väster._Soli._Svenska_Cypernexpeditionen_-_SMVK-MM-Cypern_-_C06218.tif
C01346.tif|Grav_67,_interiör._Marion._Svenska_Cypernexpeditionen_-_SMVK-MM-Cypern_-_C01346.tif
C02530.tif|Ajia_Irini._Terrakottavagnar_i_rutorna_K-L_9_-_SMVK-MM-Cypern_-_C02530.tif
C00617.tif|Rum_122._No_16_och_17_in_situ._Vouni_Svenska_Cypernexpeditionen_-_SMVK-MM-Cypern_-_C00617.tif
C00381.tif|Grav_12,_dromos._Milia._Svenska_Cypernexpeditionen_-_SMVK-MM-Cypern_-_C00381.tif
C02789.tif|Arbetsbild._Mersinaki._Svenska_Cypernexpeditionen_-_SMVK-MM-Cypern_-_C02789.tif
